name,surname,email,phone,linkUnicen,medioConocimientoCice
Perice,Fibbens,pfibbens0@google.it,6796298195,Alumno,Sitio web UNICEN
Cordula,Mackilpatrick,cmackilpatrick1@shareasale.com,2812230623,Alumno,Buscador WEB
Thoma,Braisby,tbraisby2@sciencedaily.com,2153829055,Alumno,Afiches/Flyers
Mandel,Boc,mboc3@cmu.edu,6502638055,Docente,Prensa
Demetrius,Pilkington,dpilkington4@drupal.org,6354862656,Alumno,E-mail institucional
Gratiana,Soppitt,gsoppitt5@epa.gov,4634877144,No Docente,Director
Gillian,Fetteplace,gfetteplace6@yandex.ru,4413593086,Graduado,E-mail institucional
Kiel,Lydden,klydden7@unc.edu,7232042659,Graduado,Prensa
Lyle,Ben-Aharon,lbenaharon8@is.gd,1621903525,No Docente,Buscador WEB
Flo,Stansby,fstansby9@linkedin.com,4134498027,No Docente,Afiches/Flyers
Mendy,Cron,mcrona@sourceforge.net,9588533586,Graduado,Campus
Danita,Pratt,dprattb@google.com.br,5731843214,Alumno,Buscador WEB
Jamey,Linturn,jlinturnc@unblog.fr,4475968155,Investigador,E-mail institucional
Amalia,Presley,apresleyd@fda.gov,3254627223,No Docente,Conocido/Amigo
Tatum,Fante,tfantee@weather.com,4226395159,Graduado,Sitio web UNICEN
Ernesta,Broomer,ebroomerf@theglobeandmail.com,6278477830,No Docente,Afiches/Flyers
Dedie,Forlong,dforlongg@sfgate.com,8061866990,Alumno,Director
Cleve,Varian,cvarianh@guardian.co.uk,2995702425,Docente,Director
Auberta,Vallack,avallacki@mlb.com,4926040764,Alumno,E-mail institucional
Bartholomew,McMurdo,bmcmurdoj@booking.com,2021817946,Alumno,E-mail institucional
Averil,Fomichyov,afomichyovk@blogs.com,4934025952,Graduado,Sitio web CICE
Tiffie,Perrinchief,tperrinchiefl@telegraph.co.uk,8102390007,Investigador,Conocido/Amigo
Meggi,Renshaw,mrenshawm@istockphoto.com,7279497914,Alumno,Conocido/Amigo
Peirce,Pizey,ppizeyn@icq.com,2256591966,Docente,Director
Tallulah,Coggell,tcoggello@sakura.ne.jp,9771904050,Docente,Prensa
Bendicty,Jeeves,bjeevesp@indiatimes.com,2471651962,Alumno,Director
Tomasina,Messier,tmessierq@yellowpages.com,2454150999,No Docente,Campus
Mack,Hamlin,mhamlinr@ted.com,3535438330,Docente,Sitio web CICE
Merci,Dorman,mdormans@wisc.edu,8139675326,Investigador,Buscador WEB
Mavra,Perfili,mperfilit@shinystat.com,8508204682,No Docente,E-mail institucional
